{"cameraMode":{"drawMode":0,"name":"Shaded","section":"Shading Mode"},"sceneLighting":false,"audioPlay":false,"sceneViewState":{"m_AlwaysRefresh":false,"showFog":true,"showSkybox":false,"showFlares":true,"showImageEffects":true,"showParticleSystems":true,"showVisualEffectGraphs":true,"m_FxEnabled":true},"in2DMode":false,"pivot":{"x":-0.30724895000457766,"y":0.8688144683837891,"z":0.004231929779052734},"rotation":{"x":-0.0035850803833454849,"y":-0.931991696357727,"z":0.3623539209365845,"w":-0.009221007116138935},"size":6.485651016235352,"orthographic":false}