{"cameraMode":{"drawMode":0,"name":"Shaded","section":"Shading Mode"},"sceneLighting":false,"audioPlay":false,"sceneViewState":{"m_AlwaysRefresh":false,"showFog":true,"showSkybox":false,"showFlares":true,"showImageEffects":true,"showParticleSystems":true,"showVisualEffectGraphs":true,"m_FxEnabled":true},"in2DMode":false,"pivot":{"x":-0.03431004285812378,"y":0.016751468181610109,"z":-0.0027970075607299806},"rotation":{"x":-0.0035850803833454849,"y":-0.931991696357727,"z":0.3623539209365845,"w":-0.009221007116138935},"size":1.2672595977783204,"orthographic":false}