{"cameraMode":{"drawMode":0,"name":"Shaded","section":"Shading Mode"},"sceneLighting":false,"audioPlay":false,"sceneViewState":{"m_AlwaysRefresh":false,"showFog":true,"showSkybox":false,"showFlares":true,"showImageEffects":true,"showParticleSystems":true,"showVisualEffectGraphs":true,"m_FxEnabled":true},"in2DMode":false,"pivot":{"x":0.7507674694061279,"y":-0.01009438931941986,"z":0.5115320682525635},"rotation":{"x":-0.0035850803833454849,"y":-0.931991696357727,"z":0.3623539209365845,"w":-0.009221007116138935},"size":0.3688635528087616,"orthographic":false}